1	65536	308.334	53.1616	436.249	757.553	328.796	414.49	0	1	48	
2	51496	265.38	31.7986	390.186	760.952	340.376	406.498	0	1.96376	63.4202	
3	44722	263.204	25.1181	412.66	803.251	372.524	430.504	0	2.90246	78.4394	
4	40463	268.467	22.4959	413.884	793.688	412.574	469.664	0	3.81005	92.9608	
5	37442	266.893	23.4763	472.437	807.649	417.152	483.575	0	4.68565	106.97	
6	35141	240.147	22.3338	495.29	847.358	413.762	508.267	0	5.54626	120.74	
7	33306	236.234	79.2092	545.637	916.381	475.77	504.594	0	6.39185	134.27	
8	31795	253.593	82.9769	517.188	923.604	513.037	559.113	0	7.21025	147.364	
9	30518	235.173	95.8378	577.397	937.119	545.481	533.325	0	8.02209	160.353	
10	29420	228.076	87.1992	543.202	954.555	559.789	579.232	0	8.81557	173.049	
11	28461	238.748	76.8292	553.037	963.388	539.616	575.243	0	9.59885	185.582	
12	27612	248.298	77.4361	553.781	991.525	577.756	632.044	0	10.3779	198.046	
13	26854	292.88	95.674	593.394	1036.53	575.519	630.744	0	11.13	210.079	
14	26171	224.179	98.4541	631.959	1198.08	698.598	715.105	0	11.8655	221.849	
15	25550	240.822	103.851	615.264	1094.13	637.847	640.744	0	12.6131	233.809	
16	24983	283.233	96.4906	630.389	1083.74	679.862	647.76	0	13.338	245.408	
17	24462	225.697	94.8362	619.328	1024.9	669.692	630.897	0	14.0719	257.15	
18	23980	243.078	96.46	611.843	1023.14	699.291	646.372	0	14.7937	268.699	
19	23534	239.866	92.2696	626.923	1005.95	678.593	668.267	0	15.4859	279.774	
20	23117	247.74	98.3346	670.545	1046.16	797.465	753.428	0	16.2008	291.213	
21	22728	249.868	105.773	725.229	1049.15	670.275	666.183	0	16.9137	302.619	
22	22364	224.155	88.5311	727.106	1058.62	713.871	677.383	0	17.592	313.472	
23	22020	296.503	81.1713	640.372	1065.26	701.499	702.634	0	18.2887	324.62	
24	21697	247.454	84.9292	646.403	1152	694.658	703.646	0	18.9611	335.378	
25	21391	265.111	76.6977	628.676	1133.05	648.03	692.581	0	19.6333	346.133	
26	21101	234.681	77.6613	624.473	1119.62	625.61	680.442	0	20.3043	356.87	
27	20826	227.552	74.9793	634.111	1119.71	626.573	700.807	0	20.9503	367.205	
28	20564	229.819	74.9733	669.471	1169.28	687.22	766.291	0	21.6334	378.134	
29	20315	241.25	77.1419	686.832	1174.99	670.293	743.588	0	22.2667	388.267	
31	19849	261.525	80.6817	680.286	1199.3	719.532	755.554	0	23.5811	409.297	
32	19631	239.264	84.0269	676.787	1190.01	748.714	761.245	0	24.2293	419.669	
33	19422	238.338	81.9798	685.048	1225.41	795.644	777.623	0	24.864	429.823	
35	19028	239.594	85.2113	1069.42	1173.9	800.61	745.848	0	26.1692	450.707	
36	18843	238.285	85.9028	816.324	1202.2	842.966	776.84	0	26.817	461.072	
38	18492	246.215	83.6791	841.769	1280.99	867.618	815.704	0	28.05	480.799	
40	18165	235.563	79.7399	855.051	1217.78	904.762	858.519	0	29.2828	500.525	
41	18009	245.211	81.955	813.038	1259.7	865.456	843.412	0	29.9217	510.746	
43	17714	228.971	79.5574	834.82	1214.41	829.288	862.877	0	31.0972	529.555	
45	17436	224.88	74.3519	840.101	1242.26	849.335	885.524	0	32.3384	549.415	
47	17174	230.29	74.0246	846.978	1290.56	861.069	910.097	0	33.5734	569.174	
49	16927	219.826	70.9035	834.111	1324.39	872.039	961.718	0	34.7731	588.37	
52	16580	229.131	67.7786	849.457	1353.44	868.154	963.812	0	36.5547	616.875	
54	16364	226.045	64.9891	824.248	1325.65	855.964	1057.81	0	37.6897	635.036	
56	16159	237.948	65.9816	855.994	1393.09	862.182	1035.71	0	38.8484	653.574	
59	15868	267.583	64.0208	893.307	1475.49	875.347	1067.24	0	40.6111	681.778	
61	15685	257.571	61.5447	905.834	1482.24	860.249	1098.44	0	41.8304	701.287	
64	15425	272.934	61.3412	896.856	1503.6	888.039	1120.26	0	43.4418	727.069	
67	15181	231.21	60.9894	921.547	1492	959.818	1122.46	0	45.1437	754.299	
70	14952	222.512	61.8971	961.878	1543.87	998.194	1171.01	0	46.7887	780.62	
73	14735	238.548	62.349	1011.33	1515.3	1091.35	1160.37	0	48.4854	807.766	
76	14530	250.379	62.6535	1102.2	1512.25	1143.63	1134.48	0	50.1263	834.021	
79	14336	235.631	63.0386	1047.57	1493.23	1156.81	1116.77	0	51.7744	860.391	
83	14092	239.356	60.5676	1115.88	1446.49	1267.74	1167.61	0	53.978	895.648	
87	13863	217.63	57.5276	1113.47	1549.88	1307.8	1202.19	0	56.1519	930.431	
91	13648	227.799	58.8429	1177.32	1563.82	1333.75	1201.27	0	58.2329	963.727	
95	13445	215.247	58.1887	1204.24	1627.52	1319.08	1267.24	0	60.3623	997.797	
99	13253	251.566	51.5896	1148.42	1690.11	1307.48	1435.45	0	62.4149	1030.64	
103	13072	224.373	53.5236	1171.44	1724.07	1368.34	1424.42	0	64.5991	1065.59	
108	12858	236.506	48.8102	1172.66	1783.25	1370.12	1438.56	0	67.0874	1105.4	
112	12697	213.357	48.1687	1177.36	1848.94	1346.3	1442.15	0	69.093	1137.49	
117	12505	225.59	47.1757	1200.32	1859.18	1312.2	1489.8	0	71.6474	1178.36	
123	12290	263.141	46.1589	1197.31	1962.9	1311.96	1593.33	0	74.6239	1225.98	
128	12120	222.112	44.5918	1176.9	1967.24	1266.75	1601.24	0	77.1314	1266.1	
134	11929	222.064	43.7345	1187.44	2102.19	1270.68	1680.11	0	80.1442	1314.31	
140	11748	221.91	45.2916	1283.62	2145.47	1330.18	1798.52	0	83.1814	1362.9	
146	11578	222.577	44.9808	1234.32	2231.13	1283.12	1835.12	0	85.9059	1406.5	
152	11417	263.817	41.781	1220.37	2210.13	1350	1881.58	0	88.7255	1451.61	
159	11240	215.125	44.3648	2324.47	2535.41	1578.11	2012.28	0	92.1986	1507.18	
166	11073	220.085	44.4944	1777.57	2346.07	1733.68	1971.73	0	95.376	1558.02	
173	10915	219.056	46.4859	1925.15	2390.66	1840.13	1902.89	0	98.6879	1611.01	
181	10744	223.008	48.0556	1995.44	2292.16	1989.2	1876.86	0	102.287	1668.59	
189	10584	237.528	47.3981	1997.26	2243.29	2144.94	1866.21	0	105.988	1727.81	
197	10432	250.383	47.8331	2059.82	2362.83	2151.74	1914.4	0	109.585	1785.36	
206	10272	311.04	47.125	2050.82	2397.59	2122.37	1964.56	0	113.671	1850.74	
215	10120	230.237	43.931	2070.16	2503.36	2337.35	2152.27	0	117.643	1914.29	
225	9961	277.583	43.5039	2214.03	2680.86	2355.79	2228.79	0	122.101	1985.62	
235	9812	298.92	44.7442	2183.86	2634.83	2238.59	2154.5	0	126.586	2057.37	
245	9670	219.752	40.7277	2208.48	3103.31	2314.48	2698.24	0	130.737	2123.79	
256	9524	270.79	39.3176	2269.53	2950.55	2209.79	2368.96	0	135.414	2198.62	
267	9385	274.267	40.9176	2282.37	3048.8	2227.06	2516.57	0	140.059	2272.94	
279	9243	230.228	37.8176	2313.43	3215.84	2293.3	2699.45	0	145.08	2353.29	
292	9098	283.799	38.4263	2371.51	3487.47	2250.71	2813.37	0	150.697	2443.16	
304	8971	268.978	36.5601	2296.96	3560.47	2218.7	2928.66	0	155.585	2521.36	
318	8832	291.327	35.7569	2264.27	3856.77	2204.6	3179.69	0	161.378	2614.05	
332	8700	227.126	35.3088	2356.78	3753.79	2068.97	3173.56	0	166.906	2702.49	
347	8568	227.474	36.2612	2415.27	4122.32	2107.14	3417.95	0	173.012	2800.2	
362	8442	247.69	34.4188	2483.53	4462.69	2277.78	3808.81	0	178.918	2894.69	
378	8316	230.76	36.1196	2615.68	4372.78	2400.67	3692.64	0	185.207	2995.32	
395	8190	237.363	39.9134	2813.92	4211.11	2918.68	3649.21	0	191.551	3096.81	
412	8071	252.261	43.6899	3185.35	4738.32	3596.83	3831.74	0	198.164	3202.62	
431	7945	270.485	46.7749	3268.97	3774.07	3603.27	3217.62	0	205.362	3317.79	
450	7827	242.749	44.7951	3523.06	4034.11	3709.08	3280.31	0	212.587	3433.39	
470	7710	226.07	41.8997	3358.5	4164.72	3796.5	3450.45	0	219.886	3550.17	
490	7599	219.897	40.1433	3527.17	4204.63	3797.87	3480.85	0	227.395	3670.32	
512	7483	224.776	42.227	3377.39	4257.12	3754.24	3624.21	0	235.607	3801.71	
535	7370	234.735	38.5851	3619.54	4381.14	3862.96	3934.33	0	243.758	3932.12	
558	7263	225.527	41.6833	3756.71	4821.97	3956.22	4069.12	0	251.994	4063.91	
583	7153	220.327	36.6963	3644.48	4965.75	3942.96	4683.77	0	260.909	4206.54	
609	7045	238.325	38.0896	3759.97	5924.63	4117.39	4799.15	0	269.808	4348.93	
636	6940	230.403	37.2347	3773.05	5600.58	4026.22	4994.09	0	279.151	4498.41	
664	6836	253.511	35.7026	3788.18	6206.11	4096.55	5349.62	0	288.448	4647.17	
693	6735	250.78	35.4258	3781.29	6327.99	3968.37	5597.33	0	298.473	4807.56	
724	6634	230.027	37.0459	4023.97	6653.6	3844.44	5894.48	0	308.993	4975.89	
756	6535	228.462	34.013	7665.19	7442.08	4041.62	6644.68	0	319.422	5142.75	
790	6435	230.769	33.2291	5012.43	7634.5	3706.45	6725.1	0	330.815	5325.03	
825	6339	231.898	33.5715	5289.95	8703.58	3995.11	7770.78	0	341.786	5500.58	
861	6246	229.907	32.9584	5101.5	8818.76	3710.85	8117.68	0	353.177	5682.83	
899	6152	236.834	33.7217	5224.15	9369.8	3854.03	8494.15	0	365.005	5872.08	
939	6060	225.248	36.9022	6150	8995.71	4499.67	8081.85	0	377.783	6076.53	
981	5968	223.19	41.0268	6746.15	7971.35	5727.38	7041.55	0	390.688	6283.01	
1024	5880	232.143	40.7849	7243.71	7026.19	6378.06	6168.71	0	403.729	6491.66	
1069	5793	241.671	42.3719	7354.91	7162.44	7011.57	6224.58	0	417.32	6709.12	
1117	5705	230.5	39.9902	7481.68	7264.86	6770.2	6358.11	0	431.37	6933.93	
1166	5620	241.637	39.5013	7495.55	7694.66	7079.36	6874.02	0	445.55	7160.79	
1218	5536	226.698	39.2445	7486.45	8106.94	6863.26	7119.04	0	460.895	7406.32	
1272	5453	229.048	38.2763	7719.24	8477.9	6924.26	7627.73	0	476.166	7650.66	
1328	5372	233.619	34.073	7546.35	9155.62	7167.35	8132.91	0	492.156	7906.5	
1387	5291	234.738	34.5076	8025.14	9754.87	7246.27	8766.02	0	508.616	8169.85	
1448	5212	238.104	34.5516	7871.45	10328.5	7262.09	9315.43	0	525.95	8447.2	
1512	5135	256.475	34.4342	7921.52	11130.1	7174.49	9863.29	0	542.581	8713.3	
1579	5058	232.898	32.4418	8022.54	11924.1	7231.12	11641.6	0	560.971	9007.54	
1649	4982	225.211	33.5511	8474.71	13901.2	7173.22	11494	0	579.446	9303.13	
1722	4907	235.786	32.3519	8288.36	13963.3	7235.58	12541.3	0	598.914	9614.63	
1798	4834	234.795	32.0948	9563.51	15251.3	7206.66	13840.3	0	618.21	9923.37	
1878	4762	223.436	32.0717	8577.7	16512.8	7338.09	15186.1	0	638.681	10250.9	
1961	4691	225.751	32.8472	8998.08	17886.2	7013.86	16440.8	0	658.752	10572	
2048	4620	234.199	32.5999	8814.5	19695	6933.98	18420.3	0	681.06	10929	
2139	4551	229.84	32.3889	8698.09	23658.5	6767.74	21923.5	0.000439464	702.809	11276.9	
2233	4483	223.511	33.6356	8611.64	23855.5	6714.25	22517.5	0.00959179	720.436	11559	
2332	4416	234.601	34.5545	8449.95	23159.6	6329.26	21493	0.154665	661.453	10615.3	
2435	4350	222.299	38.9967	5802.99	12830.1	5356.09	12001.6	0.604598	433.772	6972.36	
2543	4285	224.271	40.6141	4932.79	5014.7	4727.19	4334.89	0.944691	274.247	4419.95	
2656	4221	224.118	39.1409	4745.32	4147.36	5074.86	3666.67	0.998342	278.268	4484.29	
2774	4157	222.035	37.5681	5012.75	5091.89	5344.24	4161.41	1	312.381	5030.1	
2896	4096	240.967	37.8359	5456.05	5454.59	5645.02	4777.59	1	347.391	5590.25	
3025	4034	233.019	36.2905	5713.19	6253.1	5874.32	6064.95	1	383.619	6169.9	
3158	3974	222.949	35.0209	6164.32	7298.69	6002.26	6427.03	1	419.492	6743.88	
3298	3915	235.249	35.2843	6307.54	8205.87	6463.6	7339.72	1	456.618	7337.89	
3444	3856	236.255	34.1002	6389.52	9605.03	6731.33	8892.12	1	494.671	7946.73	
3597	3798	232.491	33.4187	7307.79	11600.3	6719.06	10389.4	1	533.727	8571.63	
3756	3741	233.895	32.2118	8708.9	13588.6	6908.85	12389.2	1	574.091	9217.45	
3922	3686	226.804	32.6659	9036.63	15960.4	6875.47	14789.7	1	614.109	9857.74	
4096	3630	228.65	31.9149	9295.59	18986.2	6774.93	17940.2	1	656.501	10536	
4277	3576	224.553	32.1063	9235.18	23769.9	6956.38	21998.9	1.00196	697.89	11198.2	
4467	3522	234.242	32.3042	9003.98	24048.6	6340.43	24436.1	1.13856	668.846	10733.5	
4664	3470	243.516	35.2001	5470.32	9675.79	5324.21	9081.27	1.77666	379.156	6098.5	
4871	3418	235.81	34.8009	5283.5	4866.3	5236.69	4347.57	1.9959	321.365	5173.84	
5087	3367	225.72	33.7769	5996.14	6095.93	5461.84	5282.15	2	376.504	6056.07	
5312	3316	223.764	33.552	6261.16	7683.96	5965.02	6838.96	2	436.679	7018.87	
5547	3267	226.507	32.3652	6389.96	10285.6	6316.8	9147.23	2	497.017	7984.27	
5793	3218	222.809	31.912	6840.89	12742.7	6487.26	11647.6	2	557.534	8952.54	
6049	3170	222.082	31.2308	7195.9	16883.6	6590.85	15506	2	618.326	9925.21	
6317	3122	229.981	31.7643	9794.36	21770	6542.28	20620.1	2.00224	679.813	10909	
6597	3076	237.646	32.3486	7132.64	22972.7	5989.92	21756.2	2.20091	640.665	10282.6	
6889	3030	222.442	33.5726	5505.28	7631.35	5361.72	6537.95	2.9132	347.734	5595.74	
7194	2984	226.542	32.6869	6001.34	6506.7	5284.52	5528.49	3	384.241	6179.86	
7512	2940	224.49	31.7788	6334.69	8975.85	6078.23	8153.4	3	465.232	7475.72	
7845	2896	235.152	31.1623	6814.57	12777.3	6511.74	11574.6	3	546.993	8783.89	
8192	2852	241.234	31.112	7151.12	17909.9	6454.42	16723.7	3	629.8	10108.8	
8555	2810	226.69	31.4301	7525.27	24324.6	6374.38	23286.8	3.05018	687.259	11028.1	
8933	2768	242.052	32.6004	7363.8	10307.4	5562.14	9342.85	3.79805	397.719	6395.5	
9329	2726	234.043	32.1306	5860.6	6728.91	5381.14	6077.4	3.99963	398.961	6415.38	
9742	2686	225.987	31.3885	6765.45	10587.5	6110.95	9670.14	4	502.252	8068.04	
10173	2645	228.355	30.9267	7275.24	16666.2	6457.09	15714.6	4	607.123	9745.97	
10624	2606	238.68	30.8141	7650.42	24559.5	6317.73	23271.3	4.04183	686.183	11010.9	
11094	2567	236.463	31.8287	4485.78	8342.81	5021.04	7410.6	4.88002	380.522	6120.36	
11585	2529	236.457	32.1142	6554.37	8817.32	5536.18	7692.76	5	447.169	7186.71	
12098	2491	228.021	30.8768	7032.92	14529.9	6279.81	13473.7	5	570.203	9155.24	
12634	2453	227.069	30.5759	7336.32	23596.8	6285.36	22287	5.02568	679.304	10900.9	
13193	2417	239.553	31.5131	4482.83	8261.07	4966.07	7438.56	5.88622	385.765	6204.23	
13777	2381	235.615	31.1452	6539.27	9755.56	5745.91	8868.96	6	475.028	7632.45	
14387	2345	227.292	30.7045	8048.61	19004.3	6632.84	17706.2	6.00085	620.176	9954.81	
15024	2310	226.84	31.2097	6785.71	18151.5	5696.1	17205.6	6.46017	538.642	8650.28	
15689	2275	241.319	31.4209	5031.65	8861.1	5576.26	7598.68	6.99956	440.146	7074.33	
16384	2241	236.948	30.5893	8252.57	17813.5	6550.65	16611.3	7	603.305	9684.88	
17109	2208	229.167	31.3	7058.42	18398.6	5751.81	17202.9	7.47736	534.109	8577.75	
17867	2175	237.241	31.1058	5214.25	10014.7	6011.03	8850.11	8	467.202	7507.23	
18658	2142	230.159	30.7528	7736.69	20939.3	6333.8	19739.5	8.00654	647.409	10390.6	
19484	2110	239.81	31.2453	4828.91	8318.01	5201.9	7555.92	8.91185	397.83	6397.28	
20347	2079	227.994	30.647	7557.48	15334.3	6394.42	14249.2	9	568.01	9120.16	
21247	2048	239.746	30.8385	7085.45	17432.6	5472.17	16457	9.4834	532.769	8556.3	
22188	2017	240.952	31.5313	5499.75	12162.1	6232.03	11523.5	10	514.146	8258.34	
23170	1987	227.982	30.6102	7209.36	21438.3	5705.08	21793.7	10.2949	598.401	9606.42	
24196	1957	233.01	30.3876	5412.88	11661.7	5706.69	10387.8	11	503.92	8094.72	
25268	1928	240.664	30.7558	7800.83	20431.5	5759.85	19059.6	11.348	580.166	9314.66	
26386	1899	230.121	30.5822	5324.38	13335.4	5881.52	12163.2	12	534.59	8585.44	
27554	1870	233.155	30.8509	5224.6	13214.4	5229.41	12356.7	12.6856	469.902	7550.43	
28774	1842	242.128	30.3545	7615.09	18571.7	6213.9	17290.4	13.0054	608.195	9763.12	
30048	1815	240.771	30.5602	4782.37	8874.38	5440.77	8077.13	13.9824	436.366	7013.86	
31379	1788	230.984	30.4179	7970.92	22096.2	6268.46	21331.7	14.2802	598.926	9614.81	
32768	1761	249.29	30.254	5710.96	17235.7	6236.23	15471.9	15.0006	585.161	9394.57	
34219	1735	238.04	30.5578	5162.54	9462.82	5386.74	8593.08	15.9862	451.127	7250.04	
35734	1709	228.789	30.5506	5072.56	14569.3	5291.98	13753.1	16.6243	493.445	7927.12	
37316	1683	229.352	30.3976	8112.3	21490.2	6215.09	21039.2	17.1052	634.631	10186.1	
38968	1658	228.589	30.2766	5787.7	18000.6	6000.6	16252.1	18.0072	593.691	9531.06	
40693	1633	241.886	30.1496	5515.62	12945.5	5763.01	11878.8	18.9988	521.66	8378.56	
42495	1609	229.956	30.1376	5324.43	10429.5	5685.52	9586.7	19.9869	468.504	7528.06	
44376	1585	228.391	30.1523	5033.44	9823.34	5259.31	9004.42	20.9401	446.749	7179.98	
46341	1561	231.903	29.9734	5096.73	10725.8	5441.38	9916.72	21.9001	449.497	7223.95	
48393	1538	239.922	29.8892	5224.97	10773.1	5164.5	9585.18	22.8901	450.713	7243.41	
50535	1515	231.683	29.8553	4967	10027.7	5249.5	9661.39	23.9558	449.093	7217.49	
52773	1492	235.925	29.7721	5558.31	11045.6	5502.01	10168.9	24.9853	478.801	7692.82	
55109	1470	225.17	29.4422	5705.44	14232	6176.87	13955.8	25.9986	539.68	8666.88	
57549	1448	232.044	29.4424	5832.18	20017.3	6533.15	18745.2	27.0394	609.774	9788.39	
60097	1426	235.624	29.3135	5598.88	17967	5652.17	17056.8	28.3801	559.628	8986.05	
62757	1405	231.317	29.3274	5281.14	11203.6	5234.88	10116	29.8904	464.477	7463.63	
65536	1384	222.543	29.2384	5802.75	16780.3	5914.74	15464.6	31.0188	576.382	9254.12	
68438	1363	224.505	29.3016	5593.54	16560.5	5474.69	15476.2	32.5202	530.376	8518.02	
71468	1343	226.359	29.3789	5890.54	15371.6	6325.39	14498.1	34.0007	540.673	8682.77	
74632	1322	233.737	29.5168	6375.19	16856.3	5841.91	15463.7	35.5688	522.943	8399.08	
77936	1303	232.54	29.3553	5897.16	18178.1	6101.3	17331.5	37.056	588.398	9446.37	
81386	1283	248.636	29.573	5551.83	12621.2	5692.91	11611.1	38.9431	488.701	7851.22	
84990	1264	222.31	29.2675	5380.54	14398.7	5535.6	13665.3	40.7057	496.621	7977.94	
88752	1245	234.538	29.062	5608.84	17367.9	5878.71	17083.5	42.4289	548.157	8802.51	
92682	1226	228.385	29.362	6048.12	19435.6	5884.18	17863	44.283	577.811	9276.97	
96785	1208	241.722	29.3341	5716.06	18106	5826.99	16971.9	46.3212	564.644	9066.3	
101070	1190	225.21	29.2007	5863.03	17006.7	5641.18	16042	48.4664	544.07	8737.12	
105545	1172	228.669	29.1935	5523.04	14324.2	5583.62	13367.7	50.7338	508.827	8173.23	
110218	1155	240.693	28.7403	6050.22	14967.1	5722.08	13548.9	52.9749	533.663	8570.61	
115098	1137	223.395	28.6361	6048.37	17646.4	5947.23	16910.3	55.2964	561.377	9014.04	
120194	1120	226.786	29.0339	5557.14	13754.5	5686.61	12613.4	57.9107	505.586	8121.37	
125515	1104	239.13	28.8074	5892.21	17220.1	6349.64	18117.8	60.4438	547.621	8793.94	
131072	1087	252.99	28.8214	6086.48	18353.3	5814.17	16001.8	63.1196	562.728	9035.64	
136875	1071	228.758	28.9963	6295.99	16940.2	5956.12	15631.2	66.0028	548.345	8805.51	
142935	1055	222.749	28.7433	6077.73	15858.8	5998.1	14722.3	68.9934	539.17	8658.71	
149263	1039	234.841	28.394	6149.18	16360.9	5667.95	15045.2	72.0616	551.981	8863.69	
155872	1023	243.402	28.3015	5975.56	16906.2	5694.04	15956	75.2766	558.259	8964.14	
162773	1008	230.159	28.2548	4663.69	14098.2	5498.02	13717.3	78.748	513.268	8244.29	
169979	993	227.593	28.7872	6033.23	16489.4	5833.84	15991.9	82.2145	557.844	8957.5	
177505	978	228.016	28.2373	5884.46	16234.2	5575.66	14423.3	85.9315	536.525	8616.39	
185364	964	230.29	28.7061	4955.39	16032.2	5825.73	15991.7	89.8195	519.733	8347.73	
193571	949	228.662	28.994	5103.27	15494.2	6085.35	14743.9	93.8335	525.025	8432.4	
202141	935	228.877	28.614	5099.47	15334.8	5667.38	14524.1	98.0075	537.29	8628.64	
211090	921	235.613	28.2684	4861.02	16745.9	5568.95	15830.6	102.356	551.192	8851.07	
220436	907	231.533	28.2671	5091.51	15491.7	6006.62	15522.6	107.002	534.144	8578.31	
230195	894	229.306	28.1027	4909.4	14932.9	5760.63	13560.4	111.781	524.579	8425.27	
240387	880	239.773	28.0906	5361.36	15796.6	5581.82	14155.7	116.772	529.505	8504.07	
251030	867	236.448	28.3694	5226.07	15424.5	5856.98	14910	121.984	540.862	8685.79	
262144	854	229.508	28.791	5825.53	16921.5	5715.46	15594.8	127.385	547.724	8795.58	
273750	841	229.489	29.0144	5285.37	16247.3	5927.47	15474.4	133.14	537.861	8637.77	
285870	829	229.192	28.0665	5199.03	16339	5913.15	15910.7	139.033	547.49	8791.84	
298527	816	248.775	27.8615	4969.36	15813.7	6028.19	15971.8	145.277	538.333	8645.33	
311744	804	237.562	27.8974	5434.08	15802.2	5570.9	14803.5	151.751	537.301	8628.82	
325546	792	223.485	27.7853	5200.76	15002.5	5494.95	13926.8	158.547	529.131	8498.1	
339959	780	256.41	27.876	5123.08	15671.8	5567.95	14656.4	165.578	542.421	8710.73	
355010	769	248.375	27.7084	5010.4	15671	5665.8	14754.2	172.969	541.064	8689.02	
370728	757	229.855	27.806	5109.64	15491.4	5544.25	14532.4	180.683	538.856	8653.7	
387141	746	246.649	27.7633	5060.32	15189	5675.6	14352.5	188.757	531.378	8534.05	
404281	735	228.571	27.7129	5374.15	15817.7	5684.35	14959.2	197.143	534.751	8588.02	
422180	724	250	27.977	5140.88	15779	5625.69	15020.7	205.93	538.402	8646.43	
440872	713	231.417	27.7252	5147.27	15439	5577.84	14492.3	215.084	538.198	8643.16	
460391	702	229.345	27.7171	5089.74	14854.7	5603.99	13984.3	224.699	530.037	8512.59	
480774	692	268.786	27.6615	5462.43	16745.7	5537.57	14601.2	234.663	539.671	8666.73	
502060	681	230.543	27.7115	5127.75	15534.5	5537.44	14862	245.1	538.288	8644.6	
524288	671	230.999	27.5878	5308.49	16763	5612.52	15038.7	256.013	546.519	8776.3	
547500	661	228.442	27.7119	5161.88	15555.2	5624.81	15105.9	267.402	543.461	8727.38	
571740	651	230.415	27.6014	5427.04	15433.2	5602.15	14953.9	279.292	538.793	8652.68	
597053	641	240.25	27.5902	5223.09	15742.6	5664.59	14569.4	291.75	537.958	8639.33	
623487	632	231.013	27.56	5384.49	15156.6	5490.51	14075.9	304.72	530.247	8515.95	
651091	622	252.412	27.5341	5308.68	16204.2	5702.57	14992	318.227	540.977	8687.64	
679917	613	244.698	27.524	5265.91	15432.3	5535.07	14623.2	332.383	537.328	8629.25	
710020	604	241.722	28.5565	5523.18	16814.6	5650.66	15688.7	347.147	540.243	8675.89	
741455	595	250.42	28.4753	5497.48	16070.6	6336.13	17154.6	362.58	546.652	8778.43	
774282	586	274.744	27.6121	5578.5	16436.9	5581.91	15416.4	378.676	550.288	8836.61	
808563	577	230.503	27.6772	5474.87	16204.5	5549.39	15131.7	395.499	542.499	8711.99	
844361	568	225.352	27.7017	5396.13	15690.1	5491.2	14637.3	413.067	540.604	8681.66	
881744	560	225	27.6259	5517.86	15362.5	5612.5	14955.4	431.436	538.746	8651.94	
920782	552	224.638	27.5445	5594.2	15742.8	5541.67	15039.9	450.582	540.748	8683.97	
961548	543	224.678	27.5492	5589.32	16935.5	6136.28	16160.2	470.575	542.433	8710.92	
1004120	535	231.776	27.537	5525.23	16119.6	5742.06	15213.1	491.493	541.966	8703.46	
1048576	527	240.987	27.5088	5738.14	15461.1	5453.51	14654.6	513.306	538.564	8649.02	
1095000	519	229.287	27.4636	6211.95	15148.4	5504.82	14302.5	536.118	532.461	8551.37	
1143480	512	250	27.3932	5867.19	16021.5	5542.97	14960.9	559.875	542.109	8705.75	
1194106	504	230.159	27.3906	5755.95	15617.1	5414.68	14809.5	584.746	537.097	8625.56	
1246974	496	272.177	27.4141	5752.02	15223.8	5754.03	15526.2	610.679	531.49	8535.84	
1302182	489	229.039	28.2148	6535.79	16977.5	5758.69	16175.9	637.757	545.575	8761.19	
1359835	482	253.112	28.8632	5267.63	16139	5690.87	15402.5	666.073	537.589	8633.43	
1420040	474	240.506	27.6839	5018.99	16173	5637.13	15185.7	695.61	542.998	8719.97	
1482910	467	231.263	27.5225	5109.21	16531	5882.23	15522.5	726.486	538.715	8651.44	
1548564	460	232.609	27.8388	5282.61	16671.7	5621.74	14393.5	758.72	533.189	8563.03	
1617125	453	242.826	27.6195	5205.3	17253.9	5726.27	16803.5	792.32	554.715	8907.44	
1688722	447	232.662	27.6591	5098.43	15340	5469.8	15078.3	827.519	535.913	8606.6	
1763488	440	250	27.8999	4763.64	15686.4	5468.18	14227.3	864.202	532.709	8555.35	
1841564	433	267.898	28.4034	5256.35	16388	5697.46	16295.6	902.501	543.834	8733.34	
1923097	427	262.295	28.0822	5100.7	15374.7	5496.49	14210.8	942.534	532.705	8555.28	
2008240	420	250	27.9777	5464.29	16128.6	5821.43	15764.3	984.321	546.45	8775.2	
2097152	414	229.469	27.4956	5101.45	16186	5439.61	14618.4	1027.96	535.766	8604.25	
2190001	408	252.451	28.1326	5941.18	16615.2	5750	16088.2	1073.55	545.654	8762.47	
2286960	402	236.318	27.9192	5328.36	15151.7	5497.51	14604.5	1121.15	536.776	8620.42	
2388213	396	250	27.7129	5148.99	16179.3	5954.55	15522.7	1170.88	527.134	8466.14	
2493948	390	261.538	28.4505	5238.46	16146.2	5897.44	15792.3	1222.74	531.651	8538.42	
2604365	384	257.812	28.4503	5721.35	16039.1	5572.92	14666.7	1276.93	536.023	8608.38	
2719670	378	232.804	28.25	5814.81	17738.1	5838.62	16357.1	1333.49	548.444	8807.11	
2840080	373	235.925	28.0301	5836.46	16276.1	5286.86	14002.7	1392.66	526.11	8449.76	
2965821	367	231.608	28.0233	5062.67	15106.3	5463.22	14316.1	1454.39	531.482	8535.72	
3097129	362	223.757	27.5985	5149.17	15060.8	5801.1	14928.2	1518.85	534.232	8579.71	
3234251	356	227.528	27.5245	5924.16	18143.3	6280.9	16339.9	1586.13	540.699	8683.19	
3377443	351	250.712	27.4048	5273.5	14809.1	5726.5	14746.4	1656.45	526.447	8455.16	
3526975	346	231.214	27.3775	5303.47	16069.4	5332.37	14838.2	1729.79	545.931	8766.89	
3683128	340	241.176	27.3768	5188.24	15017.6	5479.41	14529.4	1806.48	534.071	8577.13	
3846194	335	229.851	27.6205	5271.64	15838.8	5391.04	14414.9	1886.54	533.4	8566.4	
4016479	330	224.242	27.8952	5421.21	15778.8	5348.48	14842.4	1970.04	539.345	8661.53	
4194304	325	240	27.8303	5480	16763.1	5744.62	14695.4	2057.46	530.702	8523.22	
4380002	320	231.25	27.7468	5259.38	16078.1	5334.38	15253.1	2148.54	543.128	8722.05	
4573921	316	231.013	28.3347	6677.22	17231	6958.86	20297.5	2243.71	551.25	8852	
4776426	311	247.588	27.9441	5453.38	15119	5549.84	14459.8	2343.17	529.408	8502.53	
4987896	306	232.026	27.584	5872.55	16199.3	5647.06	15228.8	2446.95	539.712	8667.4	
5208729	302	241.722	27.3935	5526.49	16013.2	5523.18	14864.2	2555.37	539.182	8658.91	
5439339	297	232.323	27.3817	6717.17	15798	5542.09	15215.5	2668.56	542.987	8719.78	
5680159	293	225.256	27.3669	5320.82	16269.6	5648.46	15112.6	2786.75	542.106	8705.69	
5931642	288	243.056	27.4344	5652.78	14274.3	5607.64	13468.8	2910.27	513.458	8247.33	
6194258	284	235.915	28.2111	5320.42	15556.3	5690.14	15598.6	3039.15	542.085	8705.35	
6468501	280	225	28.339	5414.29	16775	5857.14	16339.3	3173.75	552.568	8873.09	
6754886	276	224.638	28.6664	5576.09	16039.9	5619.57	15365.9	3314.31	541.388	8694.2	
7053950	271	243.542	28.1228	5822.88	15767.5	5483.39	14771.2	3461.21	529.439	8503.03	
7366255	267	258.427	28.2237	5498.13	15677.9	5378.28	14640.4	3614.48	537.768	8636.28	
7692387	263	231.939	28.0338	5961.98	17019	5650.19	16136.9	3774.51	547.247	8787.95	
8032959	259	262.548	28.1354	5907.34	16505.8	5675.68	16459.5	3941.75	544.228	8739.64	
8388608	256	253.906	28.3579	5890.62	16046.9	5593.75	15187.5	4116.34	542.922	8718.75	
